{
  "vite.config.js": 1774656934.0570753,
  "vitest.config.js": 1772935462.0,
  "docs\\assets\\index-CTG4wAcL.js": 1776144751.4548013,
  "src\\constants.js": 1776144425.5132384,
  "src\\main.js": 1776144374.3382475,
  "src\\populate.js": 1775190157.4051514,
  "src\\core\\geometries.js": 1772935462.0,
  "src\\core\\input.js": 1776144629.210391,
  "src\\core\\lighting.js": 1775187614.0261762,
  "src\\core\\player.js": 1776143934.9590008,
  "src\\core\\postprocessing.js": 1776144627.883934,
  "src\\core\\renderer.js": 1776144626.0411131,
  "src\\entities\\fauna\\deer.js": 1776144285.0450387,
  "src\\entities\\fauna\\jellies.js": 1776144305.012381,
  "src\\entities\\fauna\\luminids.js": 1776144334.3917582,
  "src\\entities\\fauna\\moths.js": 1776144324.3968892,
  "src\\entities\\fauna\\pufflings.js": 1776144297.011245,
  "src\\entities\\flora\\corpsebloom.js": 1772935462.0,
  "src\\entities\\flora\\crystals.js": 1775187589.9287293,
  "src\\entities\\flora\\dandelions.js": 1772935462.0,
  "src\\entities\\flora\\ferns.js": 1772935462.0,
  "src\\entities\\flora\\flowers.js": 1772935462.0,
  "src\\entities\\flora\\grass.js": 1772935462.0,
  "src\\entities\\flora\\helixvine.js": 1772935462.0,
  "src\\entities\\flora\\lanternpod.js": 1772935462.0,
  "src\\entities\\flora\\mushrooms.js": 1772935462.0,
  "src\\entities\\flora\\orbbush.js": 1773970669.0,
  "src\\entities\\flora\\reeds.js": 1773970636.0,
  "src\\entities\\flora\\snapthorn.js": 1773970788.0,
  "src\\entities\\flora\\spiralfrond.js": 1772935462.0,
  "src\\entities\\flora\\thornbloom.js": 1773970746.0,
  "src\\entities\\flora\\trees.js": 1772935462.0,
  "src\\entities\\flora\\veilmoss.js": 1775189473.5199292,
  "src\\entities\\magical\\bubbles.js": 1775189429.9479103,
  "src\\entities\\magical\\fairyRings.js": 1775189401.778232,
  "src\\entities\\magical\\orbs.js": 1775189368.333331,
  "src\\entities\\magical\\ponds.js": 1775189344.0997756,
  "src\\entities\\magical\\wisps.js": 1775189287.3381958,
  "src\\entities\\world\\energyLines.js": 1773292116.0,
  "src\\entities\\world\\moat.js": 1775189087.806333,
  "src\\entities\\world\\obelisk.js": 1775189059.8502364,
  "src\\entities\\world\\rainbows.js": 1775189020.5079734,
  "src\\entities\\world\\rocks.js": 1773292116.0,
  "src\\kernel\\context.js": 1776144299.1159987,
  "src\\kernel\\eventBus.js": 1776143753.5772974,
  "src\\kernel\\registry.js": 1773971339.0,
  "src\\kernel\\scheduler.js": 1776143755.9151852,
  "src\\kernel\\__tests__\\context.test.js": 1776144607.7099679,
  "src\\kernel\\__tests__\\eventBus.test.js": 1776144595.130886,
  "src\\kernel\\__tests__\\registry.test.js": 1776144611.8926868,
  "src\\kernel\\__tests__\\scheduler.test.js": 1776144602.707524,
  "src\\particles\\bubblePops.js": 1775187687.749606,
  "src\\particles\\dust.js": 1776144411.5900736,
  "src\\particles\\fireflies.js": 1776144380.3931074,
  "src\\particles\\footprints.js": 1775189263.8652947,
  "src\\particles\\leaves.js": 1775189243.5860503,
  "src\\particles\\orbBurst.js": 1775189224.515949,
  "src\\particles\\rain.js": 1776144364.770303,
  "src\\particles\\resonanceRings.js": 1776144350.2718022,
  "src\\particles\\seeds.js": 1776144021.6368227,
  "src\\particles\\spores.js": 1776144385.6343124,
  "src\\particles\\starMotes.js": 1775187692.5791452,
  "src\\quest\\lasers.js": 1772935462.0,
  "src\\quest\\questManager.js": 1776144432.1983619,
  "src\\state\\entityStore.js": 1776143968.4247508,
  "src\\state\\gameState.js": 1775190009.253704,
  "src\\systems\\attunement.js": 1775189577.8365817,
  "src\\systems\\audio.js": 1775190064.5835135,
  "src\\systems\\dayNightCycle.js": 1776144662.3679616,
  "src\\systems\\dimming.js": 1775190020.2985134,
  "src\\systems\\discoveries.js": 1772935462.0,
  "src\\systems\\echoVisions.js": 1776143962.740446,
  "src\\systems\\glyphs.js": 1775190206.943806,
  "src\\systems\\intro.js": 1773292116.0,
  "src\\systems\\music.js": 1773292116.0,
  "src\\systems\\perfMonitor.js": 1772935462.0,
  "src\\systems\\pufflingChat.js": 1772935462.0,
  "src\\systems\\registration.js": 1776144413.0024934,
  "src\\systems\\spiritHum.js": 1772935462.0,
  "src\\systems\\weather.js": 1776144636.891219,
  "src\\systems\\ai\\senses.js": 1772070646.0,
  "src\\systems\\ai\\steering.js": 1776144101.6311333,
  "src\\systems\\audio\\ambient.js": 1776143815.9754398,
  "src\\systems\\audio\\ambientCreatures.js": 1773292116.0,
  "src\\systems\\audio\\core.js": 1773292116.0,
  "src\\systems\\audio\\creatures.js": 1773292116.0,
  "src\\systems\\audio\\laser.js": 1773292116.0,
  "src\\systems\\audio\\music.js": 1773292116.0,
  "src\\systems\\audio\\player.js": 1773292116.0,
  "src\\systems\\audio\\quest.js": 1775190060.3085644,
  "src\\systems\\audio\\spiritHum.js": 1775187649.7040985,
  "src\\systems\\intro\\effects.js": 1773292116.0,
  "src\\systems\\intro\\elements.js": 1773292116.0,
  "src\\systems\\intro\\index.js": 1773292116.0,
  "src\\ui\\hud.js": 1776144643.375633,
  "src\\ui\\overlay.js": 1772070646.0,
  "src\\updates\\attunementVisuals.js": 1773292116.0,
  "src\\updates\\fauna.js": 1773971360.0,
  "src\\updates\\magicalEntities.js": 1775189790.8395667,
  "src\\updates\\playerVisuals.js": 1776144262.572538,
  "src\\updates\\spawning.js": 1772935462.0,
  "src\\updates\\spiritHumVisuals.js": 1773292116.0,
  "src\\updates\\vegetation.js": 1775190102.691928,
  "src\\updates\\fauna\\deer.js": 1776144015.853089,
  "src\\updates\\fauna\\jellies.js": 1776144006.74718,
  "src\\updates\\fauna\\luminids.js": 1776144112.7053819,
  "src\\updates\\fauna\\moths.js": 1776144058.40874,
  "src\\updates\\fauna\\pufflings.js": 1776144033.1832068,
  "src\\utils\\math.js": 1776144224.0608132,
  "src\\utils\\rng.js": 1776143796.297429,
  "src\\utils\\spatialHash.js": 1776143956.7875385,
  "src\\utils\\__tests__\\math.test.js": 1776144631.4158385,
  "src\\utils\\__tests__\\rng.test.js": 1776144622.2208312,
  "src\\world\\aurora.js": 1775191592.947234,
  "src\\world\\ground.js": 1776144371.806847,
  "src\\world\\sky.js": 1776144403.014411,
  "src\\world\\terrain.js": 1776143967.5856886,
  "CLAUDE.md": 1776379486.1527085,
  "GEMINI.md": 1776379486.153709,
  "README.md": 1773972184.0,
  "REVIEW_PLAN.md": 1776143664.5022502,
  "graphify-out\\GRAPH_REPORT.md": 1776652074.7894979,
  "reference\\architecture.md": 1773292116.0,
  "reference\\audio.md": 1772935462.0,
  "reference\\entities.md": 1773292116.0,
  "reference\\GAME_GUIDE.md": 1772935462.0,
  "reference\\MANIFESTO.md": 1772656237.0,
  "reference\\narrative.md": 1772656237.0,
  "reference\\patterns.md": 1772935462.0,
  "reference\\performance.md": 1772935462.0,
  "reference\\phase-1-summary.md": 1773292116.0,
  "reference\\phase-2-roadmap.md": 1773292116.0,
  "reference\\procedural-audio-engine-protocol.md": 1772656237.0,
  "reference\\Technical_Editor_Protocol_v5.1_FULL.md": 1769184112.9059799,
  "reference\\unified_webgl_protocol_v4.1.md": 1775186717.572631,
  "reference\\webgl_fps_guide_r172_v2.md": 1772656237.0
}